INSERT INTO `User_Mobility_Insurance` VALUES (46,'Fri Aug 25 03:39:48 UTC 2017','alexa_new york_2017-10-25','new york','Traffic warning service##adds vehicle return home coverage##Weather forecast Service##adds alternative travel cost reimbursement','DestinationBusiness Module',18,'25/10/2017','28/10/2017','Michael',21.6,'Sunny'),(47,'Fri Aug 25 03:43:12 UTC 2017','alexa_new jersey_26/08/2017','new jersey','Traffic warning service##adds transfer cost for special luggage##adds vehicle return home coverage##Weather forecast Service##adds alternative travel cost reimbursement','Breakdown Module',26,'26/08/2017','30/08/2017','Michael',26,'Patchy rain possible'),(49,'Wed Aug 30 07:10:19 UTC 2017','alexa_new york_31/08/2017','new york','Traffic warning service##adds transfer cost for special luggage##adds vehicle return home coverage##Weather forecast Service##adds alternative travel cost reimbursement','Breakdown Module',26,'31/08/2017','30/08/2017','Michael',26,'Sunny'),(53,'Wed Sep 13 09:58:23 UTC 2017','alexa_new york_14/9/2017','new york','Traffic warning service##adds vehicle return home coverage##Weather forecast Service##adds alternative travel cost reimbursement','DestinationBusiness Module',18,'14/9/2017','20/9/2017','Michael',18,'Overcast'),(57,'Tue Sep 26 14:15:41 UTC 2017','alexa_berlin_2017-10-08','berlin','Traffic warning service##adds transfer cost for special luggage##Weather forecast Service##adds rental car','DestinationFamily Module',17,'08/10/2017','12/10/2017','Michael',20.4,'Light rain shower'),(58,'Tue Sep 26 14:19:34 UTC 2017','alexa_paris_2017-09-29','paris','Traffic warning service##adds transfer cost for special luggage##adds vehicle return home coverage##Weather forecast Service##adds alternative travel cost reimbursement','Breakdown Module',26,'29/09/2017','03/10/2017','Michael',31.2,'Partly cloudy'),(59,'Tue Sep 26 14:22:07 UTC 2017','alexa_paris_29/9/2017','paris','Traffic warning service##adds vehicle return home coverage##Weather forecast Service##adds alternative travel cost reimbursement','DestinationBusiness Module',18,'29/9/2017','3/10/2017','Michael',18,'Partly cloudy'),(60,'Tue Sep 26 14:39:38 UTC 2017','alexa_paris_2017-09-29','paris','Traffic warning service##Weather forecast Service##adds alternative travel cost reimbursement','TrainFlight Module',9,'29/09/2017','03/10/2017','Michael',10.8,'Partly cloudy'),(61,'Tue Sep 26 14:41:09 UTC 2017','alexa_paris_29/9/2017','paris','Traffic warning service##adds vehicle return home coverage##Weather forecast Service##adds alternative travel cost reimbursement','DestinationBusiness Module',18,'29/9/2017','3/10/2017','Michael',18,'Partly cloudy'),(62,'Tue Sep 26 14:56:29 UTC 2017','alexa_london_2017-09-28','london','Traffic warning service##adds vehicle return home coverage##Weather forecast Service##adds alternative travel cost reimbursement','DestinationBusiness Module',18,'28/09/2017','26/09/2017','Michael',18,'Sunny'),(63,'Tue Sep 26 15:40:56 UTC 2017','alexa_paris_29/9/2017','paris','Traffic warning service##adds transfer cost for special luggage##adds vehicle return home coverage##Weather forecast Service##adds alternative travel cost reimbursement','Breakdown Module',26,'29/9/2017','3/10/2017','Michael',26,'Light rain'),(64,'Wed Sep 27 09:39:12 UTC 2017','alexa_london_27/9/2017','london','Traffic warning service##Weather forecast Service##adds alternative travel cost reimbursement','TrainFlight Module',9,'27/9/2017','30/9/2017','Michael',9,'Cloudy'),(65,'Wed Sep 27 09:55:56 UTC 2017','alexa_london_27/9/2017','london','Traffic warning service##Weather forecast Service##adds alternative travel cost reimbursement','TrainFlight Module',9,'27/9/2017','30/9/2017','Michael',9,'Cloudy'),(66,'Wed Sep 27 09:56:48 UTC 2017','alexa_london_27/9/2017','london','Traffic warning service##adds transfer cost for special luggage##adds vehicle return home coverage##Weather forecast Service##adds alternative travel cost reimbursement','Breakdown Module',26,'27/9/2017','30/9/2017','Michael',26,'Cloudy'),(67,'Wed Sep 27 12:13:03 UTC 2017','alexa_london_27/9/2017','london','Traffic warning service##Weather forecast Service##adds alternative travel cost reimbursement','TrainFlight Module',9,'27/9/2017','30/9/2017','Michael',9,'Cloudy'),(68,'Wed Sep 27 13:58:36 UTC 2017','alexa_london_27/9/2017','london','Traffic warning service##adds transfer cost for special luggage##adds vehicle return home coverage##Weather forecast Service##adds alternative travel cost reimbursement','Breakdown Module',26,'27/9/2017','30/9/2017','Michael',26,'Overcast'),(69,'Sun Oct 01 08:47:39 UTC 2017','alexa_new york_02/10/2017','new york','Traffic warning service##adds vehicle return home coverage##Weather forecast Service##adds alternative travel cost reimbursement','DestinationBusiness Module',18,'02/10/2017','03/10/2017','Michael',18,'Sunny'),(70,'Thu Oct 12 13:11:26 UTC 2017','Sf','San Francisco','Traffic warning service##adds vehicle return home coverage##Weather forecast Service##adds alternative travel cost reimbursement##','DestinationBusiness Module##',18,'19/10/2017','29/10/2017','michael',16.08,'Partly cloudy'),(71,'Fri Oct 13 09:18:17 UTC 2017','alexa_stuttgart_2017-10-16','stuttgart','Traffic warning service##adds transfer cost for special luggage##Weather forecast Service##adds rental car','DestinationFamily Module',17,'16/10/2017','20/10/2017','Michael',20.4,'Sunny'),(72,'Fri Oct 13 09:24:44 UTC 2017','alexa_mumbai_15/10/2017','mumbai','Traffic warning service##Weather forecast Service##adds alternative travel cost reimbursement','TrainFlight Module',9,'15/10/2017','19/10/2017','Michael',9,'Sunny');
INSERT INTO `Module` VALUES ('adds alternative travel cost reimbursement',7),('adds rental car',7),('adds transfer cost for special luggage',8),('adds vehicle return home coverage',9),('Traffic warning service',1),('Weather forecast Service',1);
INSERT INTO `Package` VALUES ('Breakdown Module','Traffic warning service##adds transfer cost for special luggage##adds vehicle return home coverage##Weather forecast Service##adds alternative travel cost reimbursement',1),('DestinationBusiness Module','Traffic warning service##adds vehicle return home coverage##Weather forecast Service##adds alternative travel cost reimbursement',1),('DestinationFamily Module','Traffic warning service##adds transfer cost for special luggage##Weather forecast Service##adds rental car',1),('TrainFlight Module','Traffic warning service##adds alternative travel cost reimbursement##Weather forecast Service',1);
INSERT INTO `Product` VALUES (1,'MobilityInsurance');
INSERT INTO `Filed_Insurances` VALUES (5,'Wed Aug 23 13:03:58 UTC 2017','trip','london','Traffic warning service#adds transfer cost for special luggage#adds vehicle return home coverage#Weather forecast Service#adds alternative travel cost reimbursement#','Breakdown Module#',24,'23/8/2017','24/8/2017','michael',23.52,'Overcast'),(6,'Wed Aug 23 13:03:58 UTC 2017','trip','london','Traffic warning service#adds transfer cost for special luggage#adds vehicle return home coverage#Weather forecast Service#adds alternative travel cost reimbursement#','Breakdown Module#',24,'23/8/2017','24/8/2017','michael',23.52,'Overcast'),(7,'Wed Aug 23 16:50:47 UTC 2017','alexa_bangalore_2017-10-25','bangalore','Traffic warning service##adds vehicle return home coverage##Weather forecast Service##adds alternative travel cost reimbursement','DestinationBusiness Module',16,'25/10/2017','29/10/2017','Michael',50,'Patchy rain possible'),(8,'Thu Aug 24 03:14:20 UTC 2017','Plan 1','London','Traffic warning service##adds transfer cost for special luggage##adds vehicle return home coverage##Weather forecast Service##adds alternative travel cost reimbursement##','Breakdown Module##',24,'26/8/2017','21/9/2017','michael',23.04,'Clear'),(9,'Thu Aug 24 03:14:20 UTC 2017','Plan 1','London','Traffic warning service##adds transfer cost for special luggage##adds vehicle return home coverage##Weather forecast Service##adds alternative travel cost reimbursement##','Breakdown Module##',24,'26/8/2017','21/9/2017','michael',23.04,'Clear'),(10,'Thu Aug 24 08:55:16 UTC 2017','alexa_london_24/8/2017','london','Traffic warning service##adds vehicle return home coverage##Weather forecast Service##adds alternative travel cost reimbursement','DestinationBusiness Module',18,'24/8/2017','31/8/2017','Michael',50,'Sunny'),(11,'Thu Aug 24 17:17:13 UTC 2017','alexa_new jersey_26/08/2017','new jersey','Traffic warning service##adds vehicle return home coverage##Weather forecast Service##adds alternative travel cost reimbursement','DestinationBusiness Module',18,'26/08/2017','30/08/2017','Michael',18,'Patchy rain possible'),(12,'Fri Aug 25 03:35:40 UTC 2017','Sample','London','Traffic warning service##adds transfer cost for special luggage##adds vehicle return home coverage##Weather forecast Service##adds alternative travel cost reimbursement##','DestinationBusiness Module##',26,'25/8/2017','30/8/2017','michael',24.7867,'Clear'),(13,'Fri Aug 25 03:35:40 UTC 2017','Sample','London','Traffic warning service##adds transfer cost for special luggage##adds vehicle return home coverage##Weather forecast Service##adds alternative travel cost reimbursement##','DestinationBusiness Module##',26,'25/8/2017','30/8/2017','michael',24.7867,'Clear'),(14,'Tue Sep 12 14:11:26 UTC 2017','Berlin ravel','Berlin','Traffic warning service##adds transfer cost for special luggage##Weather forecast Service##adds rental car##adds alternative travel cost reimbursement##','DestinationFamily Module##TrainFlight Module##',24,'27/9/2017','2/10/2017','michael',24.96,'Shower In Vicinity, Rain Shower'),(15,'Thu Oct 12 13:11:26 UTC 2017','Sf','San Francisco','Traffic warning service##adds vehicle return home coverage##Weather forecast Service##adds alternative travel cost reimbursement##','DestinationBusiness Module##',18,'19/10/2017','29/10/2017','michael',16.08,'Partly cloudy');
INSERT INTO `User_Reminders` VALUES (24,'holiday trip by car','30/08/2017','26/08/2017','new jersey'),(25,'holiday trip by car','30/08/2017','26/08/2017','munich'),(32,'Visiting relatives','3/10/2017','29/9/2017','Paris'),(34,'business trip by car','30/09/2017','28/09/2017','new york'),(35,'Business trip','30/9/2017','27/9/2017','London'),(36,'Holiday','30/9/2017','28/9/2017','Munich'),(37,'Visit','7/10/2017','3/10/2017','Berlin'),(38,'business trip by car','03/10/2017','02/10/2017','new york'),(39,'Business Trip Mumbai','19/10/2017','15/10/2017','Mumbai');